code1,code2,prediction,score
0-31-31,0-32-35,clone,0.7781901359558105
0-31-31,0-37-40,clone,0.5721865892410278
0-31-31,0-42-45,non-clone,-0.10066826641559601
0-31-31,0-47-50,clone,0.2002064734697342
0-31-31,1-27-30,clone,0.8709402084350586
0-31-31,1-32-37,clone,0.017335817217826843
0-31-31,1-39-43,clone,0.26514488458633423
0-31-31,1-45-48,clone,0.23857787251472473
0-31-31,1-50-53,non-clone,-0.3891919255256653
0-31-31,1-55-58,clone,0.26998111605644226
